Year,Month,Day,G1,G2,G3,G4,G5,G6,G7,G8,G9,G10,G11,G12,G13,G14,G15,G16,G17,G18,G19,G20,G21,G22,G23,G24,G25
2013,1,1,0,0,0,0,0,0,0,0,0,0,0,0,0,0,0,0,0,0,0,0,0,0,0,0,0
2013,1,2,0,0,0,0,0,0,0,0,0,0,0,0,0,0,0,0,0,0,0,0,0,0,0,0,0
2013,1,3,0,0,0,0,0,0,0,0,0,0,0,0,0,0,0,0,0,0,0,0,0,0,0,0,0
2013,1,4,0,0,0,0,0,0,0,0,0,0,0,0,0,0,0,0,0,0,0,0,0,0,0,0,0
2013,1,5,0.04,0.03,0.02,0.01,0.02,0.01,0.01,0.01,0.02,0,0,0.02,0,0.01,0,0.02,0.02,0.04,0.02,0.05,0.03,0.03,0.02,0.02,0.05
2013,1,6,0,0,0,0,0,0,0,0,0,0,0,0,0,0,0,0,0,0,0,0,0,0,0,0,0
2013,1,7,0,0,0,0,0,0,0,0,0,0,0,0,0,0,0,0,0,0,0,0,0,0,0,0,0
2013,1,8,0,0,0,0,0,0,0,0,0,0,0,0,0,0,0,0,0,0,0,0,0,0,0,0,0
2013,1,9,0,0,0,0,0,0,0,0,0,0,0,0,0,0,0,0,0,0,0,0,0,0,0,0,0
2013,1,10,0.54,0.44,0.51,0.47,0.5,0.38,0.46,0.44,0.52,0.46,0.42,0.56,0.43,0.45,0.45,0.46,0.58,0.41,0.53,0.43,0.51,0.4,0.42,0.33,0.48
2013,1,11,0.3,0.22,0.25,0.15,0.27,0.21,0.25,0.35,0.24,0.29,0.3,0.21,0.29,0.19,0.3,0.27,0.27,0.18,0.19,0.23,0.19,0.16,0.22,0.21,0.28
2013,1,12,0.03,0,0.02,0.03,0.01,0,0.01,0.02,0.01,0.04,0.07,0.09,0.06,0.06,0.09,0.12,0.08,0.12,0.1,0.08,0.12,0.13,0.06,0.12,0.06
2013,1,13,0.05,0.06,0.06,0.07,0.05,0.02,0.07,0.03,0.08,0.08,0.02,0.03,0.09,0.03,0.03,0.07,0.02,0.02,0.03,0.03,0.06,0.08,0.05,0.06,0.01
2013,1,14,0.04,0.02,0.03,0.01,0.01,0,0,0.02,0,0,0.05,0.02,0.02,0.03,0.03,0.01,0.03,0.02,0.01,0.03,0,0.01,0,0.02,0.02
2013,1,15,0,0,0,0,0,0,0,0,0,0,0,0,0,0,0,0,0,0,0,0,0,0,0,0,0
2013,1,16,0,0,0,0,0,0,0,0,0,0,0,0,0,0,0,0,0,0,0,0,0,0,0,0,0
2013,1,17,0,0,0,0,0,0,0,0,0,0,0,0,0,0,0,0,0,0,0,0,0,0,0,0,0
2013,1,18,0,0,0,0,0,0,0,0,0,0,0,0,0,0,0,0,0,0,0,0,0,0,0,0,0
2013,1,19,0,0,0,0,0,0,0,0,0,0,0,0,0,0,0,0,0,0,0,0,0,0,0,0,0
2013,1,20,0,0,0,0,0,0,0,0,0,0,0,0,0,0,0,0,0,0,0,0,0,0,0,0,0
2013,1,21,0,0,0,0,0,0,0,0,0,0,0,0,0,0,0,0,0,0,0,0,0,0,0,0,0
2013,1,22,0,0,0,0,0,0,0,0,0,0,0,0,0,0,0,0,0,0,0,0,0,0,0,0,0
2013,1,23,0.01,0,0,0,0,0,0,0,0,0,0,0,0,0,0,0,0,0.01,0,0.01,0,0,0,0.01,0
2013,1,24,0,0,0,0,0,0.01,0,0,0,0,0,0,0,0,0,0,0,0,0.04,0,0,0,0,0,0
2013,1,25,0.06,0.04,0.06,0.08,0,0.01,0,0.06,0,0.04,0,0.04,0,0.04,0.01,0.02,0.07,0.09,0.1,0.03,0.09,0.05,0.08,0.02,0
2013,1,26,0.02,0.01,0.01,0.01,0,0,0,0.01,0,0,0.02,0.01,0,0.02,0.01,0.02,0.01,0.01,0.01,0,0.01,0.03,0,0.03,0.01
2013,1,27,0.42,0.49,0.51,0.48,0.59,0.47,0.47,0.41,0.47,0.35,0.25,0.21,0.24,0.23,0.19,0.15,0.19,0.13,0.09,0.11,0.1,0.09,0.1,0.08,0.13
2013,1,28,0.11,0.05,0.12,0.09,0.15,0.14,0.08,0.09,0.1,0.16,0.21,0.16,0.17,0.17,0.11,0.16,0.15,0.2,0.45,0.41,0.47,0.22,0.33,0.46,1.23
2013,1,29,1.38,1.32,1.33,1.09,1.1,1.16,1.52,1.23,1.47,1.22,1.51,1.09,1.01,0.75,1.28,1.08,0.94,0.78,0.82,1,0.9,0.88,0.86,0.94,1.02
2013,1,30,0.44,0.42,0.42,0.46,0.43,0.35,0.36,0.43,0.33,0.37,0.48,0.37,0.37,0.34,0.46,0.53,0.43,0.45,0.35,0.41,0.56,0.47,0.31,0.47,0.34
2013,1,31,0.01,0.02,0,0,0.01,0,0.01,0,0,0,0.02,0.01,0.02,0.01,0.06,0,0,0,0.01,0,0,0,0,0.01,0
2013,2,1,0.02,0,0.01,0.01,0,0,0,0.01,0,0,0.01,0.03,0.01,0,0,0,0.01,0,0,0,0.01,0,0,0.01,0
2013,2,2,0.06,0.07,0.14,0.11,0.05,0.13,0.1,0.1,0.09,0.11,0.07,0.1,0.06,0.07,0.06,0.06,0.05,0.09,0.05,0.08,0.07,0.06,0.08,0.07,0.04
2013,2,3,0.01,0.01,0.04,0.03,0.01,0.01,0.03,0.01,0,0.02,0.02,0,0.01,0.01,0.02,0.01,0.03,0.04,0.02,0.01,0.01,0.02,0.03,0.01,0.01
2013,2,4,0.22,0.18,0.21,0.21,0.24,0.21,0.22,0.16,0.19,0.15,0.06,0.06,0.17,0.13,0.03,0.01,0.04,0.06,0.11,0.03,0.05,0.03,0.06,0.03,0.03
2013,2,5,0.02,0.03,0.05,0.04,0.04,0.04,0.02,0.02,0.01,0.04,0.02,0.01,0.03,0.02,0.02,0.02,0.01,0.02,0.03,0,0.01,0.02,0.03,0.01,0.01
2013,2,6,0.02,0.01,0.02,0.02,0.01,0.03,0.02,0.01,0.01,0,0.01,0.01,0.03,0.01,0.01,0.01,0.02,0.01,0.01,0,0.02,0.01,0.01,0,0
2013,2,7,0.96,0.91,1.08,1.05,1.02,0.9,0.92,0.8,0.86,0.69,0.77,0.61,0.53,0.4,0.68,0.59,0.59,0.48,0.48,0.57,0.48,0.41,0.36,0.36,0.39
2013,2,8,0.08,0.02,0.01,0.04,0.02,0.01,0.04,0,0.01,0.01,0.02,0.02,0.04,0.04,0.03,0,0.01,0.01,0,0,0.02,0.02,0.02,0.03,0
2013,2,9,0,0,0,0,0,0,0,0,0,0,0,0,0,0,0,0,0,0,0,0,0,0,0,0,0
2013,2,10,0.24,0.22,0.25,0.22,0.29,0.3,0.18,0.25,0.25,0.23,0.23,0.22,0.22,0.24,0.28,0.26,0.21,0.27,0.2,0.21,0.21,0.17,0.21,0.2,0.2
2013,2,11,0.02,0,0,0.02,0,0,0.02,0.11,0,0,0.09,0.01,0.04,0.01,0.01,0.03,0.04,0,0,0,0.01,0.01,0,0.02,0
2013,2,12,0,0,0,0,0,0,0,0,0,0,0,0,0,0,0,0,0,0,0,0,0,0,0,0,0
2013,2,13,0,0,0,0,0,0,0,0,0,0,0,0,0,0,0,0,0,0,0,0,0,0,0,0,0
2013,2,14,0,0,0,0,0,0,0,0,0,0,0,0,0,0,0,0,0,0,0,0,0,0,0,0,0
2013,2,15,0,0,0,0,0,0,0,0,0,0,0,0,0,0,0,0,0,0,0,0,0,0,0,0,0
2013,2,16,0,0,0,0,0,0,0,0,0,0,0,0,0,0,0,0,0,0,0,0,0,0,0,0,0
2013,2,17,0,0,0,0,0,0,0,0,0,0,0,0,0,0,0,0,0,0,0,0,0,0,0,0,0
2013,2,18,0.18,0.16,0.17,0.13,0.16,0.14,0.11,0.14,0.14,0.16,0.11,0.21,0.16,0.2,0.17,0.19,0.2,0.25,0.19,0.27,0.15,0.22,0.25,0.23,0.21
2013,2,19,0.03,0.03,0.01,0,0,0,0.02,0,0,0,0,0.03,0.03,0,0,0.03,0,0,0,0.01,0.01,0.03,0.01,0.03,0
2013,2,20,0,0,0,0,0,0,0,0,0,0,0,0,0,0,0,0,0,0,0,0,0,0,0,0,0
2013,2,21,0.01,0,0.04,0.04,0.09,0.03,0.02,0.06,0.12,0.05,0.11,0.1,0.1,0.07,0.09,0.05,0.1,0.12,0.11,0.07,0.06,0.06,0.05,0.05,0.02
2013,2,22,0.18,0.07,0.22,0.29,0.31,0.15,0.3,0.19,0.21,0.27,0.2,0.22,0.37,0.24,0.21,0.19,0.16,0.26,0.26,0.12,0.25,0.2,0.23,0.2,0.2
2013,2,23,0,0,0,0,0,0,0,0,0,0,0,0,0,0,0,0,0,0,0,0,0,0,0,0,0
2013,2,24,0,0,0,0,0,0,0,0,0,0,0,0,0,0,0,0,0,0,0,0,0,0,0,0,0
2013,2,25,0,0,0,0,0,0,0,0,0,0,0,0,0,0,0,0,0,0,0,0,0,0,0,0,0
2013,2,26,0.35,0.21,0.27,0.5,0.45,0.35,0.51,0.43,0.49,0.69,0.5,0.54,0.57,0.49,0.44,0.34,0.58,0.57,0.56,0.33,0.52,0.46,0.48,0.55,0.51
2013,2,27,0.5,0.38,0.35,0.43,0.39,0.28,0.23,0.18,0.2,0.26,0.2,0.14,0.24,0.2,0.12,0.18,0.15,0.19,0.27,0.08,0.12,0.19,0.2,0.1,0.11
2013,2,28,0.02,0.05,0.03,0.05,0.03,0.03,0.06,0.03,0.05,0.03,0.04,0.03,0.06,0.15,0.04,0.03,0.06,0.06,0.04,0.03,0.05,0.05,0.07,0.07,0.04
2013,3,1,0,0,0.02,0.03,0.02,0,0.03,0.04,0,0.06,0.02,0.01,0.07,0,0,0.02,0.03,0.09,0.06,0,0.07,0.13,0.1,0.07,0.09
2013,3,2,0,0,0,0,0,0,0,0,0,0,0,0,0,0,0,0,0,0,0,0,0,0,0,0,0
2013,3,3,0,0,0,0,0,0,0,0,0,0,0,0,0,0,0,0,0,0,0,0,0,0,0,0,0
2013,3,4,0,0,0,0,0,0,0,0,0,0,0,0,0,0,0,0,0,0,0,0,0,0,0,0,0
2013,3,5,0.44,0.64,0.49,0.56,0.68,0.37,0.53,0.59,0.43,0.6,0.62,0.48,0.54,0.52,0.67,0.58,0.65,0.54,0.57,0.42,0.68,0.59,0.49,0.59,0.48
2013,3,6,0.01,0.02,0.02,0.04,0,0.01,0.04,0.01,0,0,0,0.02,0.04,0.01,0,0.03,0,0.01,0.03,0.03,0.01,0.01,0,0.04,0.01
2013,3,7,0,0,0,0,0,0,0,0,0,0,0,0,0,0,0,0,0,0,0,0,0,0,0,0,0
2013,3,8,0,0,0,0,0,0,0,0,0,0,0,0,0,0,0,0,0,0,0,0,0,0,0,0,0
2013,3,9,0.02,0.01,0.03,0.03,0.02,0.02,0.02,0.02,0.02,0.02,0.03,0.02,0,0,0.02,0.01,0.03,0.04,0.04,0.01,0.01,0.02,0,0,0.01
2013,3,10,0.82,0.77,0.9,0.98,0.97,0.99,0.87,1.13,0.97,0.98,1.12,1.02,1.1,1,1.1,1.06,0.99,1.15,0.9,0.96,1.22,0.89,0.81,0.99,0.84
2013,3,11,0.1,0.11,0.1,0.07,0.09,0.06,0.1,0.1,0.04,0.08,0.12,0.06,0.07,0.08,0.11,0.09,0.04,0.07,0.09,0.09,0.1,0.11,0.06,0.09,0.02
2013,3,12,0.05,0.01,0.02,0.04,0.02,0,0.02,0.02,0,0,0,0.02,0.05,0.02,0,0.05,0.09,0.04,0.01,0.03,0.03,0.05,0.01,0.05,0.04
2013,3,13,0,0,0,0,0,0,0,0,0,0,0,0,0,0,0,0,0,0,0,0,0,0,0,0,0
2013,3,14,0,0,0,0,0,0,0,0,0,0,0,0,0,0,0,0,0,0,0,0,0,0,0,0,0
2013,3,15,0.15,0.16,0.16,0.17,0.08,0.1,0.13,0.13,0.14,0.12,0.08,0.15,0.07,0.03,0.03,0.05,0.06,0.1,0.16,0.04,0.05,0.07,0.05,0.08,0.01
2013,3,16,0,0.01,0.02,0.01,0.01,0,0.04,0.01,0.01,0,0.01,0,0.04,0.02,0.03,0,0,0.01,0.02,0,0,0.01,0,0.01,0
2013,3,17,0,0,0,0,0,0,0,0,0,0,0,0,0,0,0,0,0,0,0,0,0,0,0,0,0
2013,3,18,0.06,0.06,0.07,0.06,0.07,0.04,0.05,0.06,0.06,0.06,0.09,0.06,0.02,0.07,0.07,0.09,0.07,0.08,0.04,0.08,0.09,0.07,0.05,0.03,0.07
2013,3,19,0,0,0,0,0,0,0,0,0,0,0,0,0,0,0,0,0,0,0,0,0,0,0,0,0
2013,3,20,0,0,0,0,0,0,0,0,0,0,0,0,0,0,0,0,0,0,0,0,0,0,0,0,0
2013,3,21,0,0,0,0,0,0,0,0,0,0,0,0,0,0,0,0,0,0,0,0,0,0,0,0,0
2013,3,22,0,0,0,0,0,0,0,0,0,0,0,0,0,0,0,0,0,0,0,0,0,0,0,0,0
2013,3,23,0,0,0,0,0,0,0,0,0,0,0,0,0,0,0,0,0,0,0,0,0,0,0,0,0
2013,3,24,0,0,0,0,0,0,0,0,0.05,0,0.05,0,0,0,0.02,0.02,0.03,0,0,0.04,0.03,0.04,0.02,0.06,0
2013,3,25,0,0,0,0,0,0,0,0,0,0,0,0,0,0,0,0,0,0,0,0,0,0,0,0,0
2013,3,26,0,0,0,0,0,0,0,0,0,0,0,0,0,0,0,0,0,0,0,0,0,0,0,0,0
2013,3,27,0,0,0,0,0,0,0,0,0,0,0,0,0,0,0,0,0,0,0,0,0,0,0,0,0
2013,3,28,0,0,0,0,0,0,0,0,0,0,0,0,0,0,0,0,0,0,0,0,0,0,0,0,0
2013,3,29,0.02,0,0,0,0,0,0,0,0,0,0,0.03,0,0,0,0.02,0,0,0.01,0.03,0,0.05,0,0.02,0
2013,3,30,0,0,0,0,0,0,0,0,0,0,0,0,0,0,0,0,0,0,0,0,0,0,0,0,0
2013,3,31,0,0,0,0,0,0,0,0,0.01,0.01,0,0.03,0,0,0,0.02,0.01,0.01,0.03,0.04,0,0.05,0,0.03,0
2013,4,1,0,0,0,0,0,0,0,0,0,0,0,0,0,0,0,0.01,0,0.01,0,0,0,0,0,0,0
2013,4,2,0,0,0,0,0,0,0,0,0,0,0,0,0,0,0,0,0,0,0,0,0,0,0,0,0
2013,4,3,0,0,0,0,0,0,0,0,0,0,0,0,0,0,0,0,0,0,0,0,0,0,0,0,0
2013,4,4,0,0,0,0,0,0,0,0,0,0,0,0,0,0,0,0,0,0,0,0,0,0,0,0,0
2013,4,5,0,0,0,0,0,0,0,0,0,0,0,0,0,0,0,0,0,0,0,0,0,0,0,0,0
2013,4,6,0.17,0,0.05,0.02,0.05,0.05,0.03,0.05,0.08,0,0.19,0.17,0.01,0,0,0.08,0.07,0.08,0.04,0.08,0,0.11,0.1,0.1,0
2013,4,7,0.01,0,0,0,0,0,0.02,0.01,0.01,0,0,0,0,0,0,0.01,0,0.01,0,0,0,0,0,0.01,0.01
2013,4,8,0.47,0.45,0.48,0.48,0.46,0.51,0.47,0.57,0.49,0.35,0.58,0.42,0.43,0.35,0.56,0.63,0.49,0.53,0.42,0.57,0.58,0.51,0.44,0.36,0.34
2013,4,9,0.04,0.01,0.07,0.14,0.19,0.21,0.25,0.31,0.3,0,0.06,0.1,0.07,0.09,0.02,0.07,0.06,0.06,0.04,0.07,0,0.09,0.03,0.29,0
2013,4,10,0.83,0.79,0.89,0.77,0.92,0.83,0.9,0.98,1.06,1.39,1.22,1.17,1.16,1.06,1.07,1.19,1.18,1.09,0.8,1.01,0.93,1.08,1.09,1.02,0.78
2013,4,11,0.26,0.25,0.24,0.3,0.19,0.07,0.27,0.2,0.14,0.17,0.18,0.21,0.25,0.38,0.15,0.16,0.2,0.34,0.44,0.16,0.27,0.25,0.34,0.22,0.39
2013,4,12,0,0,0,0,0,0.27,0.04,0,0,0,0,0,0.05,0,0.04,0.08,0.07,0.04,0.04,0.05,0.02,0.03,0,0.01,0.05
2013,4,13,0,0,0,0,0,0,0,0,0,0,0,0,0,0,0.01,0,0.03,0.04,0.02,0,0,0,0,0,0
2013,4,14,0,0,0,0,0,0,0,0,0,0,0,0,0,0,0,0,0,0,0,0,0,0,0,0,0
2013,4,15,0.4,0.3,0.34,0.35,0.2,0.3,0.24,0.32,0.29,0.29,0.25,0.32,0.33,0.32,0.26,0.35,0.43,0.47,0.58,0.55,0.51,0.77,0.78,0.73,0.77
2013,4,16,0.01,0.01,0.01,0.03,0,0.03,0.01,0.01,0.01,0,0.01,0.02,0.01,0.01,0.01,0.02,0.02,0.01,0.01,0.03,0.04,0.03,0.06,0.09,0.21
2013,4,17,1.62,1.38,1.83,2.25,2.78,2.21,1.96,2.35,2.01,1.6,2.01,2.38,2.08,2.5,2.02,2.44,2.28,2.5,2.04,2.6,2.11,2.47,1.62,1.57,1.38
2013,4,18,2.47,3.39,3.45,3.61,4.06,4.26,2.54,3.17,2.85,2.02,2.41,1.76,1.85,2.57,1.79,1.73,1.48,2.48,3.27,1.63,2.72,2.56,3.53,2.52,2.71
2013,4,19,0.02,0,0.04,0.03,0,0,0.01,0,0,0,0,0.01,0,0,0,0.01,0,0.03,0,0,0,0.01,0,0,0
2013,4,20,0,0,0,0,0,0,0,0,0,0,0,0,0,0,0,0,0,0,0,0,0,0,0,0,0
2013,4,21,0,0,0,0,0,0,0,0,0,0,0,0,0,0,0,0,0,0,0,0,0,0,0,0,0
2013,4,22,0,0,0,0,0,0,0,0,0,0,0,0,0,0,0,0,0,0,0,0,0,0,0,0,0
2013,4,23,0.62,0.45,0.56,0.53,0.5,0.59,0.4,0.35,0.52,0.5,0.42,0.53,0.44,0.41,0.46,0.48,0.57,0.6,0.61,0.58,0.64,0.67,0.55,0.59,0.5
2013,4,24,0.09,0.03,0.07,0.03,0.05,0,0.04,0.03,0.03,0.02,0.05,0.01,0.05,0.01,0.06,0.04,0.03,0.04,0,0.01,0.03,0.06,0.04,0.05,0.05
2013,4,25,0.02,0.01,0.04,0.03,0,0,0,0,0,0,0,0,0,0,0,0,0,0,0,0,0,0,0,0,0
2013,4,26,0,0,0,0,0,0,0,0,0,0,0,0,0,0,0,0,0,0,0,0,0,0,0,0,0
2013,4,27,0,0,0,0,0,0,0,0,0,0,0,0,0,0,0,0,0,0,0,0,0,0,0,0,0
2013,4,28,0,0,0,0.02,0.01,0.02,0.01,0,0.02,0,0,0.03,0,0,0,0,0.02,0.01,0.03,0,0.01,0,0,0,0
2013,4,29,0,0,0,0,0,0,0,0,0,0,0,0,0,0,0,0,0,0,0,0,0,0,0,0,0
2013,4,30,0,0,0,0,0,0,0,0,0,0,0,0,0,0,0,0,0,0,0,0,0,0,0,0,0
2013,5,1,0,0,0,0,0,0,0,0,0,0,0,0,0,0,0,0,0,0,0,0,0,0,0,0,0
2013,5,2,0.02,0,0.04,0,0,0,0,0,0,0,0,0,0.01,0,0,0,0,0,0,0,0,0,0,0,0
2013,5,3,0.05,0.01,0.01,0.04,0,0,0.03,0,0.02,0,0,0.02,0.02,0,0.02,0,0,0.02,0,0.14,0,0,0,0.02,0.02
2013,5,4,0,0,0,0,0,0,0,0,0,0,0,0,0,0,0,0,0,0,0,0,0,0,0,0,0
2013,5,5,0,0,0,0,0,0,0,0,0,0,0,0,0,0,0,0,0,0,0,0,0,0,0,0,0
2013,5,6,0,0,0,0,0,0,0,0,0,0,0,0,0,0,0,0,0,0,0,0,0,0,0,0,0
2013,5,7,0,0,0,0,0,0,0,0,0,0,0,0,0,0,0,0,0,0,0,0,0,0,0,0,0
2013,5,8,0,0,0,0,0,0,0,0,0,0,0,0,0,0,0,0,0,0,0,0,0,0,0,0,0
2013,5,9,0.22,0.11,0.21,0.28,0.23,0.28,0.37,0.23,0.4,0.73,0.26,0.67,0.78,0.5,0.31,0.53,0.66,0.72,0.58,0.7,0.69,0.59,0.5,0.64,0.59
2013,5,10,0.15,0.26,0.15,0.11,0.1,0.09,0.12,0.17,0.22,0.1,0.04,0.05,0.05,0.1,0.01,0.02,0,0.01,0.01,0.01,0.01,0.03,0.01,0.02,0.03
2013,5,11,0,0,0,0,0,0,0,0,0,0,0,0,0,0,0,0,0,0,0,0,0,0,0,0,0
2013,5,12,0,0,0,0,0,0,0,0,0,0,0,0,0,0,0,0,0,0,0,0,0,0,0,0,0
2013,5,13,0,0,0,0,0,0,0,0,0,0,0,0,0,0,0,0,0,0,0,0,0,0,0,0,0
2013,5,14,0,0,0,0,0,0,0,0,0,0,0,0,0,0,0,0,0,0,0,0,0,0,0,0,0
2013,5,15,0,0,0,0,0,0,0,0,0,0,0,0,0,0,0,0,0,0,0,0,0,0,0,0,0
2013,5,16,0,0,0,0,0,0,0,0,0,0,0,0,0,0,0,0,0,0,0,0,0,0,0,0,0
2013,5,17,0,0,0,0,0,0.02,0,0,0,0,0,0,0,0,0,0,0,0,0,0.02,0.01,0,0,0.01,0.06
2013,5,18,0,0,0,0,0,0.01,0,0,0,0,0,0,0,0,0,0,0,0,0.01,0,0,0,0,0,0.03
2013,5,19,0,0,0,0,0,0,0,0,0,0,0,0,0,0,0,0,0,0,0,0,0,0,0,0,0
2013,5,20,0.75,0.53,1.09,0.55,0.98,0.83,0.76,0.66,0.98,1.06,0.86,1.3,1.13,0.64,0.73,0.98,1.26,1.2,0.59,1.05,1.08,0.76,0.62,0.8,0.8
2013,5,21,0.18,0.34,0.47,0.91,0.71,0.5,0.22,0.45,0.21,0.43,0.47,0.21,0.31,0.8,0.51,0.21,0.61,1.05,0.37,0.4,0.3,0.24,0.25,0.21,0.28
2013,5,22,1.16,0.99,2.01,1.2,1.65,0.94,0.76,0.85,0.73,0.4,0.24,0.56,0.73,0.54,0.21,0.47,0.67,1.21,1.08,0.56,1.47,0.06,0.01,0.26,0.07
2013,5,23,0,0.03,0.03,0.03,0,0.1,0.02,0,0,0,0.46,0.27,0.03,0,0.21,0.25,0.36,0.4,0.17,0.05,0.05,0.08,0.19,0.02,0.05
2013,5,24,0,0,0,0,0,0,0,0,0,0,0,0,0,0,0,0,0,0,0,0,0,0,0,0,0
2013,5,25,0,0,0,0,0,0,0,0,0,0,0,0,0,0,0,0,0,0,0,0,0,0,0,0,0
2013,5,26,0,0,0,0,0,0.01,0,0,0,0,0.01,0,0,0,0.01,0,0,0,0,0.09,0.01,0.01,0,0.06,0.07
2013,5,27,0.08,0,0.13,0.25,0.04,0.08,0.01,0.01,0.06,0,0.04,0.23,0.17,0.1,0.33,0.5,0.74,0.64,0.46,0.53,0.47,0.42,0.41,0.6,0.66
2013,5,28,0.18,0.09,0.14,0.23,0.15,0.2,0.45,1.03,1.22,1.84,1.52,2.42,2.08,1.73,1.86,1.46,1.18,1.49,1.3,0.77,0.87,1.49,0.85,0.93,0.72
2013,5,29,0,0.02,0.02,0.01,0,0.02,0.02,0.04,0.03,0.05,0.06,0.02,0.03,0.04,0.09,0.12,0.05,0.04,0.05,0.03,0.03,0.02,0.05,0.14,0.05
2013,5,30,0.15,0.24,0.65,0.95,0.69,0.54,0.02,0.49,0.25,0.24,0,0.05,0.07,0.3,0.15,0.12,0.06,0.12,1.27,0.14,0.09,0.56,1.82,0.11,2.22
2013,5,31,0.24,0.18,0.32,0.18,0.19,0.21,0.1,0.17,0.36,0.07,0.19,0.27,0.12,0.22,0.14,0.22,0.2,0.25,0.3,0.29,0.23,0.22,0.27,0.2,0.38
2013,6,1,0.12,0.07,0.33,0.54,0.45,0.56,0.51,0.78,0.68,0.78,0.49,0.21,0.82,0.27,0.15,0.44,0.73,0.37,0.68,0.67,0.24,0.58,0.35,0.51,0.2
2013,6,2,0.01,0.01,0,0,0,0.01,0.03,0,0,0,0,0,0.04,0,0,0.02,0,0,0,0,0,0.01,0.01,0.03,0
2013,6,3,0,0,0,0,0,0,0,0,0,0,0,0,0,0,0,0,0,0,0,0,0,0,0,0,0
2013,6,4,0,0,0,0,0,0,0,0,0,0,0,0,0,0,0,0,0,0,0,0,0,0,0,0,0
2013,6,5,0.03,0,0,0.02,0,0,0,0,0,0,0,0,0,0,0,0.01,0,0,0,0.02,0,0.02,0,0.02,0
2013,6,6,0.26,0.22,0.12,0.12,0.09,0.39,0.06,0.18,0.12,0.04,0.11,0.05,0.02,0,0.07,0.05,0.04,0.01,0.04,0.03,0.03,0.05,0.09,0.04,0.09
2013,6,7,0,0,0,0,0,0,0,0,0,0,0,0,0,0,0,0,0,0,0,0,0,0,0,0,0
2013,6,8,0,0,0,0,0,0,0,0,0,0,0,0,0,0,0,0,0,0,0,0,0,0,0,0,0
2013,6,9,0.02,0,0,0,0,0,0,0.01,0,0,0.06,0,0,0,0.02,0.01,0,0,0.01,0.07,0,0,0,0,0
2013,6,10,0.24,0.13,0.15,0.24,0.26,0.22,0.2,0.69,0.31,0.31,0.34,0.71,0.73,0.86,0.4,0.53,1.31,0.95,0.57,0.84,0.95,0.8,0.29,0.54,0.28
2013,6,11,0,0,0,0,0,0,0,0.22,0,0,0.05,0.02,0.21,0.23,0.04,0.08,0,0.01,0.18,0,0,0.24,0.01,0,0.01
2013,6,12,0.59,0.52,0.67,0.45,0.31,0.21,0.2,0.22,0.09,0,0.74,0.52,0.18,0.25,1.68,1.42,0.83,0.62,0.51,1.67,1.22,1.5,1.32,1.24,1.49
2013,6,13,0,0.01,0.01,0.01,0,0,0.01,0.01,0.01,0,0,0,0.02,0,0.03,0.01,0.02,0,0,0.05,0.01,0,0.05,0.03,0.05
2013,6,14,0,0,0,0,0,0,0,0,0,0,0,0,0,0,0,0,0,0,0,0,0,0,0,0,0
2013,6,15,0.13,0.1,0.23,0.18,0.11,0.08,0.12,0.05,0.11,0.12,0.05,0.07,0.01,0,0,0,0.02,0.03,0.01,0.1,0,0,0.01,0.24,0.19
2013,6,16,0,0,0,0,0,0,0,0,0,0,0,0,0,0,0,0,0,0,0,0,0,0,0,0,0
2013,6,17,0.02,0,0,0,0.01,0.05,0.01,0.09,0.05,0,0.13,0.01,0.03,0,0.01,0.01,0.01,0.03,0.16,0.01,0.01,0.01,0,0,0
2013,6,18,0,0,0,0,0,0,0,0,0,0,0,0.04,0,0,0,0,0,0,0,0,0,0.01,0,0,0
2013,6,19,0,0,0,0,0,0,0,0,0,0,0,0,0,0,0,0,0,0,0,0,0,0,0,0,0
2013,6,20,0,0,0,0,0,0,0,0,0,0,0,0,0,0,0,0,0,0,0,0,0,0,0,0,0
2013,6,21,0.64,0.47,0.66,0.48,1.04,0.56,0.14,0.75,0.57,0.19,0.13,0.04,0.08,0.01,0.07,0.09,0.07,0.06,0.17,0.09,0.01,0.07,0.04,0.08,0
2013,6,22,0.03,0.15,0.06,0.08,0.09,0.03,0,0.07,0,0,0.01,0,0,0,0.01,0,0.02,0.02,0,0,0,0,0,0,0
2013,6,23,0,0,0,0.01,0.01,0,0.01,0,0,0,0,0,0,0,0,0,0,0,0,0.05,0,0,0.02,0,0
2013,6,24,0.16,0,0.12,0.15,0.09,0.12,0.12,0.02,0.1,0.09,0.16,0.05,0.09,0.11,0.39,0.42,0.42,0.17,0.27,0.41,0.27,0.3,0.18,0.24,0.09
2013,6,25,0.28,0.52,0.07,0.04,0.11,0.05,0.08,0.15,0.25,0.03,0.04,0.01,0.03,0.1,0.01,0,0,0.01,0.53,0,0,0,0.01,0,0.01
2013,6,26,4.64,2.99,3.44,3.26,0.79,2.04,2.78,0.25,0.36,1.22,0.19,0.12,0.55,0.74,0.49,0.34,0.24,0.16,0.39,0.28,0.2,0.24,0.31,0.1,0.14
2013,6,27,0.16,0,0.15,0.05,0.8,0.2,0,0,0.49,0.2,0,0,1.04,0.1,0,0,0,0.26,0.4,0,0,0,0.11,0,0
2013,6,28,0,0,0.01,0.06,0.01,0.04,0,0.25,0.03,0.08,0.01,0.18,0.11,0,0.02,0.29,0,0.23,0.3,0.07,0,0.04,0.08,0.27,0.01
2013,6,29,0.02,0,0,0,0,0.02,0.01,0,0,0,0.01,0.02,0.05,0,0.01,0,0,0,0,0,0,0,0.03,0.02,0.02
2013,6,30,0,0,0,0,0,0,0,0,0,0,0,0,0,0,0,0,0,0,0,0,0,0,0,0,0
2013,7,1,0,0,0,0,0,0,0,0,0,0,0,0,0,0,0,0,0,0,0,0,0,0,0,0,0
2013,7,2,0,0,0,0,0,0,0,0,0,0,0,0,0,0,0,0,0,0,0,0,0,0,0,0,0
2013,7,3,0.01,0.01,0.01,0.08,0,0,0.01,0,0.01,0.36,0.01,0.05,0.01,0,0.01,0,0.01,0,0.03,0,0,0,0.01,0,0.01
2013,7,4,0,0,0,0,0,0,0,0,0,0,0,0,0,0,0,0,0,0,0,0,0,0,0,0,0
2013,7,5,0,0,0,0,0,0,0,0,0,0,0,0,0,0,0,0,0,0,0,0,0,0,0,0,0
2013,7,6,0,0,0,0,0,0,0,0,0,0,0,0,0,0,0,0,0,0,0,0,0,0,0,0,0
2013,7,7,0,0,0,0,0,0,0,0,0,0,0,0,0,0,0,0,0,0,0,0,0,0,0,0,0
2013,7,8,0.17,0.26,0.29,0.69,0.25,0.36,0.51,0.72,0.38,0.51,1.66,0.81,0.7,0.41,0.48,0.64,1.64,1.82,1.16,0.27,0.36,0.64,1.45,0.32,0.54
2013,7,9,0,0.08,0,0.11,0,0.1,0.02,0,0.01,0.01,0,0,0,0,0,0,0,0,0.01,0.02,0.35,0.46,0.62,0.01,0
2013,7,10,0,0,0,0,0,0,0,0,0,0,0,0,0,0,0,0,0,0,0,0,0,0,0,0,0
2013,7,11,0,0,0,0,0,0,0,0,0,0,0,0,0,0,0,0,0,0,0,0,0,0,0,0,0
2013,7,12,0,0,0,0,0,0,0,0,0,0,0,0,0,0,0,0,0,0,0,0,0,0,0,0,0
2013,7,13,0,0,0,0,0,0,0,0,0,0,0,0,0,0,0,0,0,0,0,0,0,0,0,0,0
2013,7,14,0,0,0,0,0,0,0,0,0,0,0,0,0,0,0,0,0,0,0,0,0,0,0,0,0
2013,7,15,0,0,0.17,0.01,0,0.44,0,0,0.05,0,0.43,0.01,0,0,0,0.15,0.07,0,0,0,0,0,0,0,0
2013,7,16,0,0,0,0,0,0,0,0,0,0,0,0,0,0,0,0,0,0,0,0,0,0,0,0,0
2013,7,17,0,0,0,0,0,0,0,0,0,0,0,0,0,0,0,0,0,0,0,0,0,0,0,0,0
2013,7,18,0,0,0,0,0,0,0,0,0,0,0,0,0.03,0,0,0.43,0,0,0,0.04,0,0,0,0.02,0
2013,7,19,0.26,0,0.65,0.27,0.45,0.37,0.11,0.45,0.46,0.09,0,0,0,0,0,0.01,0,0,0,0.09,0.01,0.02,0.04,0.06,0
2013,7,20,0.02,0,0,0.12,0.06,0.11,0.02,0.08,0.04,0.03,0.06,0.06,0.02,0.01,0.09,0.02,0.08,0.05,0.06,0.03,0,0.01,0,0.03,0.01
2013,7,21,0.35,0.5,0,0.04,0.02,0.03,0,0.01,0,0.28,0.01,0.01,0.01,0,0.02,0,0,0.02,0.01,0.03,0,0.02,0.01,0.04,0.01
2013,7,22,0,0.01,0,0,0,0,0,0,0,0.01,0.07,0,0.01,0,0.02,0,0,0,0,0.18,0,0.03,0,0.09,0
2013,7,23,0.03,0.01,0.01,0.02,0,0.01,0,0,0,0,0,0,0,0,0.01,0,0.01,0.01,0,0,0.01,0.01,0.02,0.01,0.05
2013,7,24,0,0,0,0,0,0,0,0,0,0,0,0,0,0,0,0,0,0,0,0,0,0,0,0,0
2013,7,25,0,0,0,0,0,0,0,0,0,0,0.01,0,0,0,0,0,0,0,0,0.03,0.01,0.02,0,0.02,0
2013,7,26,0.47,0.11,0.23,0.2,0.31,0.14,0.04,0.02,0.03,0,0.05,0.01,0,0,0.1,0.17,0,0,0,0.02,0,0.01,0,0.04,0.01
2013,7,27,0,0,0,0,0,0,0,0,0,0,0,0,0,0,0,0,0,0,0,0,0,0,0,0,0
2013,7,28,0,0,0,0,0,0,0,0,0,0,0,0.01,0,0,0.01,0.01,0,0,0,0.05,0,0.01,0.01,0.02,0.01
2013,7,29,0,0,0,0,0,0,0,0,0,0,0,0,0,0,0,0,0,0,0,0,0,0,0,0,0
2013,7,30,0.01,0.01,0,0.04,0.01,0.03,0,0,0.01,0,0,0.01,0,0,0,0,0,0.01,0.01,0,0,0.02,0,0,0
2013,7,31,0.08,0.02,0.14,0.16,0.34,0.24,0.07,0.23,0.32,0.39,0.23,0.13,0.32,0.22,0.04,0.05,0.05,0.08,0.15,0.2,0.04,0.02,0.18,0.07,0.07
2013,8,1,0,0.01,0.01,0.02,0.01,0.02,0.01,0.01,0.02,0.01,0.02,0.02,0.01,0.02,0.01,0.04,0.02,0.02,0.01,0,0.01,0.02,0.01,0.03,0.03
2013,8,2,0.28,0.23,0.51,0.19,0.54,0.46,0.71,0,0.51,0.73,0.22,0.3,0.75,1.12,0.37,0.48,1.14,2.36,0.44,1.28,1.02,0.78,0.66,0.63,1.41
2013,8,3,0,0,0,0,0,0,0,0,0,0,0,0,0,0,0,0,0,0,0,0,0,0,0,0,0
2013,8,4,0,0,0,0,0,0,0,0,0,0,0,0,0,0,0,0,0,0,0,0,0,0,0,0,0
2013,8,5,0,0,0,0,0.03,0,0,0,0,0,0,0,0,0,0.01,0,0.01,0,0,0.01,0,0.02,0,0,0
2013,8,6,0.01,0.08,0.01,0.01,0,0,0,0,0,0,0,0,0,0,0.01,0.07,0,0,0,0,0,0,0,0,0
2013,8,7,0,0,0,0,0,0.01,0,0.22,0.19,0.68,0,0,0,0,0.08,0,0,0,0,0,0,0,0,0,0
2013,8,8,0,0,0,0,0,0,0,0,0,0,0,0,0,0,0,0,0,0,0,0,0,0,0,0,0
2013,8,9,0.05,0.01,0,0.01,0,0,0.02,0,0,0,0.02,0.01,0,0,0,0,0,0,0,0,0,0,0,0,0.01
2013,8,10,0,0,0,0,0,0,0,0,0,0,0,0,0,0,0,0,0,0,0,0,0,0,0,0,0
2013,8,11,0.03,0.01,0,0.1,0.01,0.09,0,0,0.02,0,0,0,0,0,0,0,0,0,0,0,0,0.01,0,0,0
2013,8,12,0.41,0.15,0,0.17,0.06,0.22,0,0.08,0.47,0.09,0.19,0.17,0.03,0,0,0.04,0,0,0.02,0,0,0.01,0.01,0.15,0.82
2013,8,13,0,0,0,0,0,0,0,0,0,0,0,0,0,0,0,0,0,0,0,0,0,0,0,0,0
2013,8,14,0,0,0,0,0,0,0,0,0,0,0,0,0,0,0,0,0,0,0,0,0,0,0,0,0
2013,8,15,0,0,0,0,0,0,0,0,0,0,0,0,0,0,0,0,0,0,0,0,0,0,0,0,0
2013,8,16,0,0,0,0,0,0,0,0,0,0,0,0,0,0,0,0,0,0,0,0,0,0,0,0,0
2013,8,17,0,0,0,0,0,0,0,0,0,0,0,0,0,0,0,0,0,0,0,0,0,0,0,0,0
2013,8,18,0,0,0,0,0,0,0,0,0,0,0,0,0,0,0,0,0,0,0,0,0,0,0,0,0
2013,8,19,0,0,0,0,0,0,0,0,0,0,0,0,0,0,0,0,0,0,0,0,0,0,0,0,0
2013,8,20,0,0,0,0,0,0,0,0,0,0,0,0,0,0,0,0,0,0,0,0,0,0,0,0,0
2013,8,21,0,0,0,0,0,0,0.01,0.01,0,0,0.05,0.13,0,0,0,0.14,0,0.02,0,0.41,0,0.03,0,0.04,0
2013,8,22,0.15,0.04,0.11,0.24,0.29,0.25,0.03,0.41,0.2,0.1,0.98,0.38,0.25,0.02,0.38,0.34,0.4,0.19,0.56,0.33,0.22,0.15,0.12,0.32,0.54
2013,8,23,0,0,0,0,0.01,0.01,0.01,0,0.01,0.01,0.02,0.01,0,0,0.02,0,0.01,0.01,0.02,0,0,0,0.01,0,0
2013,8,24,0,0,0,0,0,0,0,0,0,0,0,0,0,0,0,0,0,0,0,0,0,0,0,0,0
2013,8,25,0,0,0,0,0,0,0,0,0,0,0,0,0,0,0,0,0,0,0,0,0,0,0,0,0
2013,8,26,0,0,0,0,0,0,0,0,0,0,0,0,0,0,0,0,0,0,0,0,0,0,0,0,0
2013,8,27,0,0,0,0,0,0,0,0,0,0,0,0,0,0,0,0,0,0,0,0,0,0,0,0,0
2013,8,28,0,0,0,0,0,0,0,0,0,0,0,0,0,0,0,0,0,0,0,0,0,0,0,0,0
2013,8,29,0,0,0,0,0,0,0,0,0,0,0,0,0,0,0,0,0,0,0,0,0,0,0,0,0
2013,8,30,0.2,0.23,0.37,0.9,0.34,0.71,0.5,0.22,0.6,0.96,0.32,0.45,1.38,0.18,0.1,0.32,0.35,0.57,0.82,0.32,0.22,0.41,0.65,0.19,0.31
2013,8,31,0.17,0.25,0.19,0.05,0.19,0.13,0.3,1.72,0.35,0.61,0.81,0.7,0.42,0.45,0.59,0.6,0.41,0.19,0.54,1.04,0.78,0.67,0.42,0.26,0.25
2013,9,1,0.07,0,0,0,0.01,0,0.01,0.04,0,0.02,0,0,0,0,0.04,0.76,0.12,0,0,0.53,0.84,0.19,0,0.44,0.41
2013,9,2,0,0,0,0,0,0,0,0,0,0,0,0,0,0,0,0,0,0,0,0,0,0,0,0,0
2013,9,3,0,0,0,0,0,0,0,0,0,0,0,0,0,0,0,0,0,0,0,0,0,0,0,0,0
2013,9,4,0,0,0,0,0,0,0,0,0,0,0,0,0,0,0,0,0,0,0,0,0,0,0,0,0
2013,9,5,0,0,0,0,0,0,0,0,0,0,0,0,0,0,0,0,0,0,0,0,0,0,0,0,0
2013,9,6,0,0,0,0,0,0,0,0,0,0,0,0,0,0,0,0,0,0,0,0,0,0,0,0,0
2013,9,7,0,0.01,0,0.01,0,0.01,0.01,0,0,0,0,0,0,0,0,0,0,0,0,0,0,0,0,0,0.01
2013,9,8,0,0,0,0,0,0,0,0,0,0,0,0,0,0,0,0,0,0,0,0,0,0,0,0,0
2013,9,9,0,0,0,0,0,0,0,0,0,0,0,0,0,0,0,0,0,0,0,0,0,0,0,0,0
2013,9,10,0,0,0,0,0,0,0,0,0,0,0,0,0,0,0,0,0,0,0,0,0,0,0,0,0
2013,9,11,0,0,0,0,0,0,0,0,0.01,0,0.02,0,0,0.2,0.04,0,0.07,0.1,0.2,0,0,0,0,0,0
2013,9,12,0.03,0.03,0,0.2,0.01,0.04,0.03,0,0.03,0,0,0.02,0.1,0,0,0,0.12,0.13,0,0,0,0.17,0.06,0.04,0.1
2013,9,13,0.01,0.01,0,0,0,0,0,0,0,0,0,0,0.02,0,0,0,0,0,0,0,0,0,0,0,0.01
2013,9,14,0,0,0,0,0,0,0,0,0,0,0,0,0,0,0,0,0,0,0,0,0,0,0,0,0
2013,9,15,0.89,0.76,0.65,0.78,0.58,0.58,0.5,0.3,0.44,0.34,0.35,0.3,0.26,0.09,0.2,0.13,0.17,0.2,0.25,0.29,0.26,0.37,0.38,0.2,0.24
2013,9,16,0,0,0,0,0,0,0,0,0,0.01,0,0,0,0,0,0,0.01,0,0,0,0,0,0.01,0,0.01
2013,9,17,0,0,0,0,0,0,0,0,0,0,0,0,0,0,0,0,0,0,0,0,0,0,0,0,0
2013,9,18,0.01,0,0.6,0.15,1.76,1.25,2.19,0.32,1.54,5.08,0.3,0.35,2.16,3.3,0.26,0.21,0.62,0.68,2.69,0.23,0.14,0.23,0.94,0.4,0.42
2013,9,19,0.43,0.82,0.34,0.46,0.18,0.22,0.65,0.01,0.06,0.33,0.05,0.05,0.67,0.6,0.12,0.32,0.37,0.6,0.18,0,0.1,0.12,0.34,0.16,0.05
2013,9,20,0,0,0,0,0,0,0,0,0,0,0.01,0.02,0.02,0,0.02,0.02,0.06,0.01,0.02,0.06,0.01,0,0,0.03,0.03
2013,9,21,0,0,0,0,0,0,0,0,0,0,0,0,0,0,0,0,0,0,0,0,0,0,0,0,0
2013,9,22,0,0,0,0,0,0,0,0,0,0,0,0,0,0,0,0,0,0,0,0,0,0,0,0,0
2013,9,23,0,0,0,0,0,0,0,0,0,0,0,0,0,0,0,0,0,0,0,0,0,0,0,0,0
2013,9,24,0,0,0,0,0,0,0,0,0,0,0,0,0,0,0,0,0,0,0,0,0,0,0,0,0
2013,9,25,0,0,0,0,0,0,0,0,0,0,0,0,0,0,0,0,0,0,0,0,0,0,0,0,0
2013,9,26,0,0,0,0,0,0,0,0,0,0,0,0,0,0,0,0,0,0,0,0,0,0,0,0,0
2013,9,27,0,0,0,0,0,0,0,0,0,0,0,0,0,0,0,0,0,0,0,0,0,0,0,0,0
2013,9,28,0.19,0.14,0.08,0.09,0.13,0.09,0,0.04,0.06,0,0.11,0,0,0,0,0.02,0.06,0.02,0,0.13,0,0,0,0.02,0
2013,9,29,0.17,0.2,0.17,0.25,0.24,0.35,0.3,0.22,0.27,0.17,0.24,0.19,0.17,0,0.21,0.16,0.18,0.19,0.15,0.13,0.09,0.13,0.17,0.18,0.18
2013,9,30,0,0,0,0,0,0,0,0,0,0,0,0,0,0,0,0,0,0,0,0,0,0,0,0,0
2013,10,1,0,0,0,0,0,0,0,0,0,0,0,0,0,0,0,0,0,0,0,0,0,0,0,0,0
2013,10,2,0,0,0,0,0,0,0,0,0,0,0,0,0,0,0,0,0,0,0,0,0,0,0,0,0
2013,10,3,0.04,0.02,0.12,0.16,0.1,0.23,0.13,0.68,0.61,0.33,0.73,0.88,0.79,0.65,1.39,1.38,0.71,0.75,0.54,0.17,0.48,0.26,0.33,0.16,0.49
2013,10,4,0,0,0,0,0,0,0,0,0,0,0,0,0,0,0,0,0,0,0,0,0,0,0,0,0
2013,10,5,1.21,1.32,1.35,1.91,0.8,1.29,0.68,1.08,0.68,0.42,0.73,0.47,0.15,0.69,1.02,0.34,0.39,1.17,0.42,0.42,0.95,0.58,0.15,0.41,0.42
2013,10,6,0.14,0.18,0.1,0.18,0.06,0.09,0.15,0.06,0.1,0.17,0.03,0.08,0.14,0.09,0.04,0.02,0.08,0.11,0.15,0.08,0.14,0.15,0.22,0.16,0.21
2013,10,7,0,0,0,0,0,0,0,0,0,0,0,0,0,0,0,0,0,0,0,0,0,0,0,0,0
2013,10,8,0,0,0,0,0,0,0,0,0,0,0,0,0,0,0,0,0,0,0,0,0,0,0,0,0
2013,10,9,0,0,0,0,0,0,0,0,0,0,0,0,0,0,0,0,0,0,0,0,0,0,0,0,0
2013,10,10,0,0,0,0,0,0,0,0,0,0,0,0,0,0,0,0,0,0,0,0,0,0,0,0,0
2013,10,11,0,0,0,0,0,0,0,0,0,0,0,0,0,0,0,0,0,0,0,0,0,0,0,0,0
2013,10,12,0.07,0.03,0.01,0.11,0.03,0.02,0,0.05,0,0,0,0,0,0,0,0,0,0,0.02,0,0,0,0.01,0,0
2013,10,13,0,0,0,0,0,0,0,0,0,0,0,0,0,0,0,0,0,0,0,0,0,0,0,0,0
2013,10,14,0,0,0,0,0,0,0,0,0,0,0,0,0,0,0,0,0,0,0,0,0,0,0,0,0
2013,10,15,0.11,0,0,0.08,0.08,0.12,0.08,0.06,0.1,0,0.07,0.07,0.05,0,0.04,0.02,0.08,0.07,0.07,0.12,0.06,0.06,0.06,0.08,0.14
2013,10,16,0,0,0,0,0,0,0,0,0,0,0,0,0,0,0,0,0,0,0,0,0,0,0,0,0
2013,10,17,0.27,0.18,0.2,0.3,0.19,0.24,0.25,0.2,0.16,0.13,0.14,0.18,0.16,0.01,0.16,0.11,0.14,0.12,0.15,0.1,0.1,0.09,0.09,0.12,0.1
2013,10,18,0,0,0,0,0,0,0,0,0,0,0,0,0,0,0,0,0,0,0,0,0,0,0,0,0
2013,10,19,0.02,0,0.01,0.01,0,0,0,0,0,0,0,0,0,0,0,0,0,0,0,0,0,0,0,0,0
2013,10,20,0.01,0,0.01,0.02,0,0.01,0.01,0,0,0,0.02,0,0,0,0,0,0,0,0,0,0,0,0,0.02,0
2013,10,21,0,0,0,0,0,0.02,0.04,0.02,0.03,0,0.02,0.03,0.01,0,0.05,0.01,0,0,0,0.03,0,0,0.01,0.03,0.01
2013,10,22,0,0,0,0,0,0,0,0,0,0,0.04,0.04,0.01,0,0.07,0.04,0.07,0.08,0.07,0.13,0.09,0.09,0.1,0.11,0.13
2013,10,23,0,0,0,0,0,0,0,0,0,0,0,0.01,0.01,0,0.01,0,0,0,0,0,0.01,0.01,0,0,0
2013,10,24,0,0,0,0,0,0,0,0,0,0,0,0,0,0,0,0,0,0,0,0,0,0,0,0,0
2013,10,25,0,0,0,0,0,0,0,0,0,0,0,0,0,0,0,0,0,0,0,0,0,0,0,0,0
2013,10,26,0,0,0,0,0,0,0,0,0,0,0,0,0,0,0,0,0,0,0,0,0,0,0,0,0
2013,10,27,0,0,0,0,0,0,0,0,0,0,0,0,0,0,0,0,0,0,0,0,0,0,0,0,0
2013,10,28,0,0,0,0,0,0,0,0,0,0,0,0,0,0,0,0,0,0,0,0,0,0,0,0,0
2013,10,29,0,0,0,0,0,0,0,0,0,0,0,0,0,0,0,0,0,0,0,0,0,0,0,0,0
2013,10,30,0.3,0.27,0.45,0.42,0.64,0.7,0.71,0.79,0.93,1.17,1.04,1.41,1.33,0.96,1.37,1.1,1.27,1.18,1.87,1.19,2.02,1.87,2.32,1.81,2.34
2013,10,31,1.05,0.84,0.93,0.9,0.96,1.11,1.11,1.99,2.05,3.12,3.09,1.85,1.58,1.25,1.44,1.26,1.04,0.85,0.69,1.11,0.85,0.7,0.76,0.59,0.62
2013,11,1,0.06,0.01,0,0.08,0.04,0.09,0.06,0.07,0.04,0.01,0.04,0.03,0.01,0,0.07,0.01,0.05,0.05,0.06,0.11,0.02,0.01,0.02,0.02,0.06
2013,11,2,0.01,0.02,0.02,0.01,0,0.12,0.02,0,0,0.09,0.02,0.01,0.04,0,0.01,0.01,0,0.01,0,0.03,0.01,0.01,0.02,0.12,0
2013,11,3,0,0,0,0,0,0,0,0,0,0,0,0,0,0,0,0,0,0,0,0,0,0,0,0,0
2013,11,4,0,0,0,0,0,0,0,0,0,0,0,0,0,0,0,0,0,0,0,0,0,0,0,0,0
2013,11,5,0.01,0,0,0.02,0,0.01,0,0,0,0,0,0,0,0,0,0,0,0,0.01,0.02,0,0.01,0,0.01,0.01
2013,11,6,0.67,0.54,0.54,0.49,0.62,0.76,0.81,0.94,0.84,0.61,1.02,0.93,0.94,0.92,0.99,0.85,1.07,1.11,0.74,1.26,1.06,0.91,0.73,0.89,0.74
2013,11,7,0,0,0,0,0,0,0,0,0,0,0,0,0,0,0,0,0,0,0,0,0,0,0,0,0
2013,11,8,0,0,0,0,0,0,0,0,0,0,0,0,0,0,0,0,0,0,0,0,0,0,0,0,0
2013,11,9,0,0,0,0,0,0,0,0,0,0,0,0,0,0,0,0,0,0,0,0,0,0,0,0,0
2013,11,10,0,0,0,0,0,0,0,0,0,0,0,0,0,0,0,0,0,0,0,0,0,0,0,0,0
2013,11,11,0.17,0.01,0.02,0.21,0.13,0.13,0.06,0.1,0.14,0.07,0.01,0.06,0.12,0.01,0.03,0.03,0.17,0.17,0.15,0.12,0.09,0.16,0.12,0.12,0.15
2013,11,12,0,0,0,0,0,0,0,0,0,0,0,0,0,0,0,0,0,0,0,0,0,0,0,0,0
2013,11,13,0,0,0,0,0,0,0,0,0,0,0,0,0,0,0,0,0,0,0,0,0,0,0,0,0
2013,11,14,0,0,0,0,0,0,0,0,0,0,0,0,0,0,0,0,0,0,0,0,0,0,0,0,0
2013,11,15,0,0,0,0,0,0,0,0,0,0,0,0,0,0,0,0,0,0,0,0,0,0,0,0,0
2013,11,16,0.27,0.28,0.33,0.34,0.3,0.31,0.33,0.26,0.22,0.04,0.27,0.31,0.4,0.19,0.15,0.3,0.42,0.33,0.2,0.35,0.18,0.17,0.12,0.15,0.19
2013,11,17,0.69,0.63,0.88,0.71,0.56,1.16,0.82,1.25,0.89,0.77,0.79,0.71,0.77,0.61,0.79,0.83,0.58,0.46,0.51,0.53,0.48,0.77,0.78,0.63,1.03
2013,11,18,0,0,0,0,0,0,0,0,0,0,0,0,0,0,0,0,0,0,0,0,0,0,0,0,0
2013,11,19,0,0,0,0,0,0,0,0,0,0,0,0,0,0,0,0,0,0,0,0,0,0,0,0,0
2013,11,20,0.08,0,0.04,0.12,0.08,0.18,0.12,0.1,0.09,0.07,0.08,0.17,0.09,0.02,0.14,0.1,0.2,0.21,0.23,0.21,0.2,0.22,0.19,0.25,0.19
2013,11,21,0.03,0,0.04,0.04,0.04,0.04,0.06,0,0.04,0.06,0.05,0.03,0.07,0.08,0.03,0.02,0.09,0.12,0.19,0.14,0.19,0.15,0.2,0.07,0.26
2013,11,22,0.04,0.05,0.04,0.02,0.01,0,0.01,0.02,0.04,0.04,0.04,0.02,0.05,0.04,0.03,0.05,0.06,0.05,0.03,0.03,0.02,0.03,0.03,0.04,0.01
2013,11,23,0,0,0,0,0,0,0,0,0,0,0,0,0,0,0,0,0,0,0,0,0,0,0,0,0
2013,11,24,0,0,0,0,0,0,0,0,0,0,0,0,0,0,0,0,0,0,0,0,0,0,0,0,0
2013,11,25,0,0,0,0,0,0,0,0,0,0,0,0,0,0,0,0,0,0,0,0,0,0,0,0,0
2013,11,26,0,0,0,0,0,0,0,0,0,0,0,0,0,0,0,0,0,0,0,0,0,0,0,0,0
2013,11,27,0,0,0,0,0,0,0,0,0,0,0,0,0,0,0,0,0,0,0,0,0,0,0,0,0
2013,11,28,0,0,0,0,0,0,0,0,0,0,0,0,0,0,0,0,0,0,0,0,0,0,0,0,0
2013,11,29,0,0,0,0,0,0,0,0,0,0,0,0,0,0,0,0,0,0,0,0,0,0,0,0,0
2013,11,30,0,0,0,0,0,0,0,0,0,0,0,0,0,0,0,0,0,0,0,0,0,0,0,0,0
2013,12,1,0,0,0,0,0,0,0,0,0,0,0,0,0,0,0,0,0,0,0,0,0,0,0,0,0
2013,12,2,0.08,0,0.04,0.08,0.05,0.11,0.05,0,0.05,0.07,0,0.08,0.04,0,0.01,0.01,0.09,0.11,0.12,0.06,0.01,0.04,0.09,0.02,0.05
2013,12,3,0.03,0.06,0.01,0.09,0.04,0.06,0.03,0.02,0.07,0.03,0,0.04,0.02,0.02,0.02,0,0.02,0.07,0.06,0.03,0.03,0.01,0.01,0.09,0.08
2013,12,4,0.03,0.06,0.03,0.03,0.01,0.02,0.01,0.02,0.03,0.02,0,0.03,0.09,0.06,0.04,0.08,0.01,0.02,0.05,0.01,0.04,0.01,0.01,0.04,0
2013,12,5,0,0,0.01,0.01,0,0,0,0,0,0,0,0,0.02,0,0,0.01,0,0,0,0,0,0.01,0,0,0
2013,12,6,0,0,0,0,0,0,0,0,0,0,0,0,0,0,0,0,0,0,0,0,0,0,0,0,0
2013,12,7,0,0,0,0,0,0,0,0,0,0,0,0,0,0,0,0,0,0,0,0,0,0,0,0,0
2013,12,8,0.14,0.01,0.08,0.19,0.25,0.3,0.18,0.18,0.21,0.19,0.09,0.13,0.1,0,0.01,0.02,0.1,0.15,0.13,0.09,0.06,0.11,0.15,0.06,0.1
2013,12,9,0.02,0.01,0.14,0.03,0,0.02,0.02,0,0,0.01,0.01,0,0.04,0.02,0,0.01,0.02,0.02,0.01,0.02,0.01,0,0,0.04,0.01
2013,12,10,0,0.01,0,0.02,0,0,0,0,0,0.02,0,0,0,0,0,0,0,0,0,0,0,0,0,0,0
2013,12,11,0.01,0.01,0.1,0.04,0.01,0.02,0.03,0.02,0,0.04,0,0.04,0.01,0,0.03,0.05,0.03,0.04,0.05,0.05,0.03,0,0.01,0.07,0.01
2013,12,12,0,0,0,0,0,0,0,0,0,0,0,0,0,0,0,0,0,0,0,0,0,0,0,0,0
2013,12,13,0,0,0,0,0.01,0.02,0,0.01,0,0.06,0,0.01,0,0,0.02,0,0.04,0.01,0.05,0.04,0.06,0.03,0.07,0.09,0.07
2013,12,14,0.16,0.09,0.1,0.22,0.23,0.23,0.24,0.19,0.14,0.22,0.14,0.23,0.19,0.17,0.17,0.13,0.2,0.26,0.27,0.16,0.2,0.2,0.25,0.24,0.16
2013,12,15,0,0,0,0,0,0,0,0,0,0,0,0,0,0,0,0,0,0,0,0,0,0,0,0,0
2013,12,16,0.06,0,0.02,0,0,0.01,0.03,0,0.01,0,0,0,0,0,0,0,0.02,0,0.02,0.02,0.03,0,0.01,0,0.01
2013,12,17,0,0,0,0,0,0,0,0,0,0,0,0,0,0,0,0,0,0,0,0,0,0,0,0,0
2013,12,18,0,0,0,0,0,0,0,0,0,0,0,0,0,0,0,0,0,0,0,0,0,0,0,0,0
2013,12,19,0.05,0,0,0.03,0,0.05,0.05,0,0.07,0.04,0.06,0.04,0,0,0.03,0.02,0.07,0.07,0.09,0.05,0.08,0.05,0.06,0.04,0.04
2013,12,20,0.23,0.08,0.28,0.15,0.34,0.22,0.18,0.25,0.22,0.15,0.24,0.19,0.19,0.17,0.18,0.23,0.25,0.27,0.2,0.28,0.2,0.21,0.19,0.19,0.21
2013,12,21,0.2,0.26,0.26,0.2,0.24,0.19,0.24,0.31,0.31,0.34,0.33,0.32,0.35,0.42,0.37,0.31,0.43,0.4,0.42,0.36,0.42,0.36,0.45,0.4,0.4
2013,12,22,0.21,0.2,0.18,0.14,0.12,0.07,0.09,0.1,0.07,0.12,0.11,0.06,0.14,0.08,0.09,0.09,0.09,0.12,0.11,0.06,0.12,0.09,0.07,0.1,0.07
2013,12,23,0,0,0,0,0,0,0,0,0,0,0,0,0,0,0,0,0,0,0,0,0,0,0,0,0
2013,12,24,0,0,0,0,0,0,0,0,0,0,0,0,0,0,0,0,0,0,0,0,0,0,0,0,0
2013,12,25,0.03,0.05,0,0.02,0.09,0.02,0.05,0.04,0.05,0.06,0.03,0.08,0.01,0.04,0.02,0.05,0.06,0.05,0.02,0.06,0.04,0.02,0.05,0.04,0.02
2013,12,26,0.01,0.01,0,0,0,0,0.01,0,0,0,0.01,0,0.03,0,0,0.01,0.01,0.02,0,0.02,0,0.02,0.01,0.01,0.01
2013,12,27,0,0,0,0,0,0,0,0,0,0,0,0,0,0,0,0,0,0,0,0,0,0,0,0,0
2013,12,28,0,0,0,0,0,0,0,0,0,0,0,0,0,0,0,0,0,0,0,0,0,0,0,0,0
2013,12,29,0,0,0,0,0,0,0,0,0,0,0,0,0,0,0,0,0,0,0,0,0,0,0,0,0
2013,12,30,0.03,0,0,0.03,0,0.03,0,0.01,0,0,0.01,0,0,0,0,0.02,0.03,0.04,0.05,0.06,0.02,0.03,0,0.03,0
2013,12,31,0.18,0.16,0.23,0.16,0.1,0.18,0.15,0.16,0.19,0.19,0.1,0.14,0.09,0.1,0.05,0.09,0.1,0.11,0.09,0.07,0.08,0.09,0.12,0.06,0.07
